"Symbol  ","Series  ","Date  ","Prev Close  ","Open Price  ","High Price  ","Low Price  ","Last Price  ","Close Price  ","Average Price ","Total Traded Quantity  ","Turnover ₹  ","No. of Trades  "
"RELIANCE","EQ","30-Dec-2022","2,543.30","2,545.10","2,577.00","2,541.10","2,547.00","2,547.20","2,559.73","33,64,092","8,61,11,63,857.75","1,47,642"
"RELIANCE","EQ","29-Dec-2022","2,544.45","2,527.00","2,548.90","2,525.50","2,544.95","2,543.30","2,536.86","31,98,493","8,11,41,44,680.25","1,24,496"
"RELIANCE","EQ","28-Dec-2022","2,544.70","2,538.00","2,549.80","2,521.50","2,542.00","2,544.45","2,537.68","34,42,509","8,73,59,79,365.75","1,58,888"
"RELIANCE","EQ","27-Dec-2022","2,524.05","2,530.00","2,548.80","2,515.25","2,542.70","2,544.70","2,534.62","26,59,749","6,74,14,52,650.05","1,38,609"
"RELIANCE","EQ","26-Dec-2022","2,502.20","2,514.75","2,542.00","2,492.40","2,525.00","2,524.05","2,523.81","27,64,496","6,97,70,59,265.30","1,17,927"
"RELIANCE","EQ","23-Dec-2022","2,577.80","2,563.30","2,590.50","2,492.25","2,508.50","2,502.20","2,540.02","47,33,657","12,02,35,88,105.45","2,31,798"
"RELIANCE","EQ","22-Dec-2022","2,584.50","2,598.00","2,604.65","2,566.75","2,577.00","2,577.80","2,582.55","34,38,692","8,88,05,81,065.90","1,49,770"
"RELIANCE","EQ","21-Dec-2022","2,621.80","2,621.00","2,633.00","2,576.10","2,583.20","2,584.50","2,601.19","39,35,463","10,23,68,89,380.75","1,42,775"
"RELIANCE","EQ","20-Dec-2022","2,599.30","2,583.90","2,626.00","2,566.00","2,619.95","2,621.80","2,594.80","34,46,291","8,94,24,20,886.85","1,65,894"
"RELIANCE","EQ","19-Dec-2022","2,565.60","2,581.00","2,604.00","2,566.70","2,603.00","2,599.30","2,582.95","35,67,363","9,21,43,19,519.75","1,74,281"
"RELIANCE","EQ","16-Dec-2022","2,578.35","2,571.00","2,618.80","2,558.15","2,567.90","2,565.60","2,583.46","73,08,934","18,88,23,67,676.10","2,16,883"
"RELIANCE","EQ","15-Dec-2022","2,615.50","2,602.50","2,615.00","2,571.00","2,580.00","2,578.35","2,590.74","40,09,765","10,38,82,61,664.65","1,75,220"
"RELIANCE","EQ","14-Dec-2022","2,625.00","2,637.65","2,638.95","2,611.00","2,613.50","2,615.50","2,620.85","33,54,618","8,79,19,39,261.60","1,49,123"
"RELIANCE","EQ","13-Dec-2022","2,613.10","2,613.10","2,633.00","2,606.70","2,622.00","2,625.00","2,622.04","38,45,839","10,08,39,40,253.45","1,36,575"
"RELIANCE","EQ","12-Dec-2022","2,609.10","2,585.50","2,623.00","2,585.00","2,617.00","2,613.10","2,607.23","43,74,946","11,40,65,08,900.60","1,51,760"
"RELIANCE","EQ","09-Dec-2022","2,649.25","2,646.00","2,660.00","2,601.85","2,609.50","2,609.10","2,627.54","58,40,633","15,34,64,88,528.00","1,72,574"
"RELIANCE","EQ","08-Dec-2022","2,650.50","2,660.00","2,665.00","2,640.10","2,649.00","2,649.25","2,651.78","35,79,858","9,49,29,88,488.55","1,44,130"
"RELIANCE","EQ","07-Dec-2022","2,690.20","2,685.00","2,695.00","2,642.15","2,647.00","2,650.50","2,665.31","39,05,263","10,40,87,39,251.40","1,58,784"
"RELIANCE","EQ","06-Dec-2022","2,682.45","2,665.10","2,697.00","2,661.00","2,689.45","2,690.20","2,685.66","39,66,243","10,65,19,99,752.80","1,56,158"
"RELIANCE","EQ","05-Dec-2022","2,722.15","2,712.00","2,716.75","2,678.00","2,682.00","2,682.45","2,694.53","68,43,367","18,43,96,68,158.05","2,27,194"
"RELIANCE","EQ","02-Dec-2022","2,723.30","2,730.00","2,748.00","2,700.60","2,727.00","2,722.15","2,725.02","53,48,595","14,57,50,17,227.75","2,04,222"
"RELIANCE","EQ","01-Dec-2022","2,731.35","2,741.80","2,755.00","2,716.00","2,725.25","2,723.30","2,738.93","43,77,696","11,99,02,09,635.60","1,77,158"
"RELIANCE","EQ","30-Nov-2022","2,712.20","2,712.50","2,745.45","2,698.20","2,733.05","2,731.35","2,727.09","1,20,75,137","32,92,99,88,867.00","2,76,976"
"RELIANCE","EQ","29-Nov-2022","2,707.55","2,703.95","2,731.65","2,694.00","2,708.35","2,712.20","2,713.16","51,03,687","13,84,71,36,356.65","2,17,704"
"RELIANCE","EQ","28-Nov-2022","2,617.60","2,608.90","2,721.05","2,502.00","2,706.00","2,707.55","2,686.06","1,45,49,929","39,08,19,53,191.85","3,22,273"
"RELIANCE","EQ","25-Nov-2022","2,579.10","2,589.00","2,624.90","2,582.10","2,612.75","2,617.60","2,605.35","33,91,988","8,83,73,31,953.30","1,28,621"
"RELIANCE","EQ","24-Nov-2022","2,557.05","2,566.00","2,594.00","2,548.20","2,588.00","2,579.10","2,564.10","43,33,225","11,11,08,42,573.85","1,54,377"
"RELIANCE","EQ","23-Nov-2022","2,565.05","2,575.00","2,577.90","2,552.25","2,557.50","2,557.05","2,561.22","29,59,787","7,58,06,60,698.90","1,21,346"
"RELIANCE","EQ","22-Nov-2022","2,550.90","2,545.00","2,568.50","2,536.50","2,564.90","2,565.05","2,556.94","30,51,201","7,80,17,36,581.00","1,38,342"
"RELIANCE","EQ","21-Nov-2022","2,597.65","2,588.00","2,588.00","2,543.10","2,548.00","2,550.90","2,556.28","29,49,108","7,53,87,48,417.35","1,31,742"
"RELIANCE","EQ","18-Nov-2022","2,599.05","2,606.75","2,609.00","2,571.10","2,597.05","2,597.65","2,589.31","24,47,425","6,33,71,49,845.85","1,04,090"
"RELIANCE","EQ","17-Nov-2022","2,592.35","2,584.95","2,613.00","2,580.00","2,598.95","2,599.05","2,599.58","30,74,259","7,99,17,93,077.85","1,15,328"
"RELIANCE","EQ","16-Nov-2022","2,607.30","2,610.00","2,615.95","2,581.35","2,592.95","2,592.35","2,601.87","44,84,007","11,66,68,07,298.05","1,45,159"
"RELIANCE","EQ","15-Nov-2022","2,619.05","2,622.30","2,626.40","2,590.00","2,607.20","2,607.30","2,603.39","32,70,388","8,51,41,00,480.75","1,57,977"
"RELIANCE","EQ","14-Nov-2022","2,631.80","2,630.75","2,642.00","2,605.15","2,614.65","2,619.05","2,624.26","41,73,395","10,95,20,68,321.50","1,85,791"
"RELIANCE","EQ","11-Nov-2022","2,572.50","2,600.00","2,636.00","2,588.00","2,630.00","2,631.80","2,614.60","56,81,124","14,85,38,80,989.55","2,16,539"
"RELIANCE","EQ","10-Nov-2022","2,604.00","2,590.00","2,596.55","2,563.00","2,572.35","2,572.50","2,575.91","27,53,420","7,09,25,62,040.10","1,33,955"
"RELIANCE","EQ","09-Nov-2022","2,606.60","2,610.30","2,621.95","2,590.05","2,593.70","2,604.00","2,610.46","51,93,814","13,55,82,51,214.20","1,66,982"
"RELIANCE","EQ","07-Nov-2022","2,592.75","2,591.00","2,610.30","2,574.00","2,604.00","2,606.60","2,595.94","54,40,967","14,12,44,30,758.45","1,95,001"
"RELIANCE","EQ","04-Nov-2022","2,555.15","2,553.90","2,600.00","2,551.10","2,594.20","2,592.75","2,582.57","58,03,737","14,98,85,68,897.45","1,72,676"
"RELIANCE","EQ","03-Nov-2022","2,545.65","2,529.85","2,559.55","2,525.05","2,552.00","2,555.15","2,546.83","30,89,026","7,86,72,09,428.75","1,22,250"
"RELIANCE","BL","03-Nov-2022","2,370.70","2,545.65","2,545.65","2,545.65","2,545.65","2,545.65","2,545.65","46,55,522","11,85,13,29,579.30","1"
"RELIANCE","EQ","02-Nov-2022","2,529.85","2,532.30","2,550.20","2,515.00","2,542.55","2,545.65","2,535.59","41,45,144","10,51,03,78,542.40","2,02,520"
"RELIANCE","EQ","01-Nov-2022","2,549.60","2,600.00","2,600.00","2,508.00","2,531.70","2,529.85","2,543.76","64,43,999","16,39,19,94,975.90","2,43,797"
"RELIANCE","EQ","31-Oct-2022","2,526.15","2,541.00","2,560.95","2,532.20","2,545.80","2,549.60","2,548.29","57,31,802","14,60,63,11,320.10","2,07,585"
"RELIANCE","EQ","28-Oct-2022","2,451.15","2,465.00","2,535.00","2,459.45","2,527.00","2,526.15","2,508.14","81,26,824","20,38,32,47,305.20","3,13,227"
"RELIANCE","EQ","27-Oct-2022","2,441.55","2,458.00","2,468.45","2,432.80","2,459.20","2,451.15","2,448.82","57,74,775","14,14,13,65,856.20","1,97,403"
"RELIANCE","EQ","25-Oct-2022","2,479.85","2,499.00","2,499.00","2,438.00","2,441.80","2,441.55","2,465.38","56,45,639","13,91,86,29,427.80","1,99,350"
"RELIANCE","EQ","24-Oct-2022","2,471.60","2,460.00","2,502.50","2,455.30","2,480.80","2,479.85","2,481.80","15,55,270","3,85,98,66,818.15","68,811"
"RELIANCE","EQ","21-Oct-2022","2,500.60","2,507.70","2,516.80","2,467.00","2,470.00","2,471.60","2,491.53","38,04,352","9,47,86,48,257.95","1,64,406"
"RELIANCE","EQ","20-Oct-2022","2,493.90","2,485.00","2,519.00","2,485.00","2,496.05","2,500.60","2,502.71","40,22,919","10,06,81,97,552.85","1,52,697"
"RELIANCE","EQ","19-Oct-2022","2,451.25","2,454.50","2,527.85","2,441.70","2,496.00","2,493.90","2,499.51","88,82,553","22,20,20,63,579.30","2,60,623"
"RELIANCE","EQ","18-Oct-2022","2,408.75","2,422.00","2,463.00","2,420.15","2,453.35","2,451.25","2,450.34","57,29,899","14,04,02,01,497.40","1,93,197"
"RELIANCE","BL","17-Oct-2022","2,377.75","2,370.70","2,370.70","2,370.70","2,370.70","2,370.70","2,370.70","39,36,069","9,33,12,38,778.30","1"
"RELIANCE","EQ","17-Oct-2022","2,370.70","2,355.00","2,414.00","2,343.60","2,406.60","2,408.75","2,376.10","77,20,595","18,34,49,14,890.00","1,85,379"
"RELIANCE","EQ","14-Oct-2022","2,382.80","2,415.00","2,416.35","2,369.10","2,371.75","2,370.70","2,392.60","42,02,459","10,05,48,22,904.25","1,78,804"
"RELIANCE","EQ","13-Oct-2022","2,375.25","2,371.40","2,394.00","2,360.10","2,381.00","2,382.80","2,379.51","33,82,098","8,04,77,37,069.20","1,63,282"
"RELIANCE","EQ","12-Oct-2022","2,357.90","2,352.00","2,381.70","2,343.10","2,377.00","2,375.25","2,368.06","34,22,992","8,10,58,61,297.40","1,58,484"
"RELIANCE","EQ","11-Oct-2022","2,405.80","2,414.00","2,414.00","2,351.10","2,353.55","2,357.90","2,377.84","42,52,803","10,11,24,92,555.10","1,97,213"
"RELIANCE","EQ","10-Oct-2022","2,432.35","2,405.00","2,417.60","2,388.00","2,407.00","2,405.80","2,403.20","29,21,076","7,01,99,27,774.65","1,36,725"
"RELIANCE","EQ","07-Oct-2022","2,422.10","2,414.65","2,443.90","2,414.65","2,431.95","2,432.35","2,431.89","35,60,167","8,65,79,40,132.20","1,19,485"
"RELIANCE","EQ","06-Oct-2022","2,413.20","2,429.00","2,450.00","2,418.15","2,422.50","2,422.10","2,433.70","61,62,021","14,99,64,87,081.50","2,12,103"
"RELIANCE","EQ","04-Oct-2022","2,369.50","2,397.80","2,418.00","2,390.15","2,412.90","2,413.20","2,406.73","41,29,893","9,93,95,56,462.20","1,52,496"
"RELIANCE","EQ","03-Oct-2022","2,377.75","2,391.50","2,416.95","2,363.00","2,367.05","2,369.50","2,382.06","54,70,030","13,02,99,23,334.80","2,30,794"
"RELIANCE","BL","03-Oct-2022","2,534.00","2,377.75","2,377.75","2,377.75","2,377.75","2,377.75","2,377.75","38,51,162","9,15,71,00,445.50","1"
"RELIANCE","EQ","30-Sep-2022","2,325.30","2,311.00","2,402.00","2,311.00","2,376.15","2,377.75","2,371.60","85,89,908","20,37,18,10,194.00","2,64,760"
"RELIANCE","EQ","29-Sep-2022","2,332.45","2,360.00","2,367.50","2,313.00","2,328.00","2,325.30","2,334.53","67,71,046","15,80,72,34,115.85","2,88,225"
"RELIANCE","EQ","28-Sep-2022","2,396.25","2,360.35","2,378.00","2,327.10","2,330.50","2,332.45","2,353.58","78,44,140","18,46,17,91,856.30","3,87,724"
"RELIANCE","EQ","27-Sep-2022","2,377.35","2,394.00","2,426.00","2,360.10","2,394.00","2,396.25","2,390.70","74,55,448","17,82,37,38,488.00","2,95,538"
"RELIANCE","EQ","26-Sep-2022","2,439.50","2,394.05","2,417.80","2,375.15","2,378.15","2,377.35","2,392.03","57,59,298","13,77,64,01,753.70","3,34,638"
"RELIANCE","EQ","23-Sep-2022","2,486.10","2,485.00","2,495.95","2,436.10","2,438.80","2,439.50","2,455.68","43,97,194","10,79,81,21,356.15","2,46,646"
"RELIANCE","EQ","22-Sep-2022","2,509.75","2,486.00","2,503.00","2,472.10","2,487.95","2,486.10","2,488.77","47,57,219","11,83,96,11,958.30","2,07,678"
"RELIANCE","EQ","21-Sep-2022","2,502.85","2,496.75","2,533.00","2,495.00","2,507.70","2,509.75","2,515.30","42,49,172","10,68,79,28,437.35","1,46,056"
"RELIANCE","EQ","20-Sep-2022","2,502.45","2,522.45","2,537.70","2,494.70","2,497.85","2,502.85","2,518.24","38,81,882","9,77,54,96,109.20","1,78,557"
"RELIANCE","EQ","19-Sep-2022","2,499.20","2,499.20","2,522.70","2,481.35","2,502.40","2,502.45","2,506.17","34,98,286","8,76,73,14,647.00","1,37,901"
"RELIANCE","EQ","16-Sep-2022","2,562.70","2,543.75","2,553.00","2,491.00","2,498.00","2,499.20","2,509.51","93,30,469","23,41,48,92,723.80","3,11,718"
"RELIANCE","EQ","15-Sep-2022","2,588.35","2,583.00","2,603.55","2,556.75","2,563.00","2,562.70","2,573.85","47,83,723","12,31,26,02,615.90","1,81,399"
"RELIANCE","EQ","14-Sep-2022","2,619.75","2,575.00","2,610.00","2,572.75","2,589.15","2,588.35","2,595.02","40,04,997","10,39,30,65,929.10","1,56,954"
"RELIANCE","EQ","13-Sep-2022","2,598.05","2,618.00","2,629.70","2,601.00","2,619.00","2,619.75","2,617.12","41,02,114","10,73,57,22,213.80","1,55,135"
"RELIANCE","EQ","12-Sep-2022","2,569.30","2,570.55","2,612.00","2,570.55","2,597.60","2,598.05","2,596.44","34,31,445","8,90,95,27,157.50","1,23,802"
"RELIANCE","EQ","09-Sep-2022","2,585.40","2,610.00","2,610.00","2,564.00","2,568.90","2,569.30","2,577.69","38,37,302","9,89,13,79,842.80","1,85,947"
"RELIANCE","EQ","08-Sep-2022","2,581.75","2,588.25","2,598.00","2,571.00","2,583.05","2,585.40","2,583.54","32,56,840","8,41,41,88,239.00","1,16,529"
"RELIANCE","EQ","07-Sep-2022","2,596.85","2,575.00","2,594.90","2,570.00","2,580.50","2,581.75","2,580.95","34,55,942","8,91,96,02,471.35","1,17,855"
"RELIANCE","EQ","06-Sep-2022","2,569.80","2,573.00","2,606.00","2,572.00","2,594.00","2,596.85","2,592.68","50,30,172","13,04,16,46,173.55","1,74,426"
"RELIANCE","EQ","05-Sep-2022","2,530.50","2,531.00","2,581.50","2,531.00","2,567.15","2,569.80","2,563.92","52,27,785","13,40,36,22,183.40","1,89,614"
"RELIANCE","EQ","02-Sep-2022","2,560.40","2,560.40","2,575.35","2,525.70","2,527.95","2,530.50","2,546.24","59,99,196","15,27,53,78,547.55","2,66,158"
"RELIANCE","EQ","01-Sep-2022","2,637.95","2,582.65","2,604.95","2,550.70","2,564.00","2,560.40","2,580.13","91,88,434","23,70,73,62,824.55","3,46,414"
"RELIANCE","EQ","30-Aug-2022","2,597.65","2,614.00","2,645.25","2,576.60","2,642.00","2,637.95","2,614.74","1,06,78,670","27,92,19,81,356.70","2,85,656"
"RELIANCE","EQ","29-Aug-2022","2,618.00","2,585.00","2,655.00","2,578.05","2,600.00","2,597.65","2,614.34","91,55,684","23,93,60,68,091.80","3,26,003"
"RELIANCE","EQ","26-Aug-2022","2,632.05","2,633.00","2,650.00","2,607.00","2,623.00","2,618.00","2,622.30","49,57,449","12,99,99,29,105.55","1,91,312"
"RELIANCE","EQ","25-Aug-2022","2,639.75","2,648.95","2,662.90","2,622.60","2,628.00","2,632.05","2,648.65","36,32,902","9,62,23,00,857.85","1,33,033"
"RELIANCE","EQ","24-Aug-2022","2,646.80","2,640.10","2,670.00","2,635.35","2,645.00","2,639.75","2,648.95","47,85,579","12,67,67,50,456.45","1,68,584"
"RELIANCE","EQ","23-Aug-2022","2,606.60","2,594.00","2,653.20","2,591.35","2,649.00","2,646.80","2,630.64","44,66,619","11,75,00,46,560.20","1,73,321"
"RELIANCE","EQ","22-Aug-2022","2,613.85","2,617.00","2,631.30","2,586.00","2,602.50","2,606.60","2,606.47","43,71,179","11,39,33,40,723.50","1,93,858"
"RELIANCE","EQ","19-Aug-2022","2,661.30","2,650.00","2,661.70","2,604.95","2,609.80","2,613.85","2,631.57","43,66,123","11,48,97,47,684.60","1,59,356"
"RELIANCE","EQ","18-Aug-2022","2,665.15","2,660.00","2,669.00","2,640.20","2,662.00","2,661.30","2,654.44","34,19,730","9,07,74,57,998.05","1,31,393"
"RELIANCE","EQ","17-Aug-2022","2,651.30","2,665.00","2,676.90","2,655.55","2,661.70","2,665.15","2,666.17","30,44,037","8,11,59,22,559.35","1,21,433"
"RELIANCE","EQ","16-Aug-2022","2,633.00","2,646.20","2,657.30","2,627.30","2,656.00","2,651.30","2,643.49","30,49,304","8,06,07,90,553.15","1,40,058"
"RELIANCE","EQ","12-Aug-2022","2,591.10","2,590.30","2,641.35","2,582.20","2,632.00","2,633.00","2,626.23","58,38,244","15,33,25,63,329.35","2,56,139"
"RELIANCE","EQ","11-Aug-2022","2,582.50","2,603.10","2,609.90","2,580.20","2,586.70","2,591.10","2,593.04","37,83,480","9,81,07,22,225.40","1,71,131"
"RELIANCE","EQ","10-Aug-2022","2,567.15","2,576.90","2,589.90","2,557.05","2,578.95","2,582.50","2,574.23","49,49,442","12,74,10,05,921.30","1,83,157"
"RELIANCE","BL","08-Aug-2022","2,503.10","2,534.00","2,534.00","2,534.00","2,534.00","2,534.00","2,534.00","41,31,769","10,46,99,02,646.00","1"
"RELIANCE","EQ","08-Aug-2022","2,534.00","2,531.00","2,583.55","2,531.00","2,568.00","2,567.15","2,567.43","46,91,228","12,04,44,17,897.15","1,72,002"
"RELIANCE","EQ","05-Aug-2022","2,571.90","2,576.00","2,578.80","2,526.95","2,532.90","2,534.00","2,543.41","64,34,433","16,36,54,07,365.90","2,49,464"
"RELIANCE","EQ","04-Aug-2022","2,606.35","2,610.00","2,617.75","2,535.00","2,570.00","2,571.90","2,569.27","66,76,577","17,15,39,07,762.65","3,09,213"
"RELIANCE","EQ","03-Aug-2022","2,584.65","2,600.00","2,610.00","2,567.45","2,606.20","2,606.35","2,591.04","65,76,824","17,04,08,29,415.65","2,50,247"
"RELIANCE","EQ","02-Aug-2022","2,574.85","2,572.50","2,607.80","2,561.55","2,575.50","2,584.65","2,583.64","64,23,115","16,59,49,94,133.95","2,30,608"
"RELIANCE","EQ","01-Aug-2022","2,509.45","2,519.15","2,587.75","2,507.60","2,569.00","2,574.85","2,560.47","72,45,568","18,55,20,37,709.10","2,62,991"
"RELIANCE","EQ","29-Jul-2022","2,457.10","2,474.70","2,517.10","2,464.00","2,507.20","2,509.45","2,494.30","69,82,808","17,41,72,22,455.45","2,70,354"
"RELIANCE","EQ","28-Jul-2022","2,419.20","2,436.00","2,467.95","2,421.00","2,453.60","2,457.10","2,446.73","57,66,936","14,11,01,46,776.35","2,07,490"
"RELIANCE","EQ","27-Jul-2022","2,421.50","2,419.95","2,427.00","2,402.00","2,422.00","2,419.20","2,416.05","39,94,321","9,65,04,59,374.80","1,65,700"
"RELIANCE","EQ","26-Jul-2022","2,420.40","2,421.10","2,443.90","2,411.35","2,419.40","2,421.50","2,430.94","52,16,466","12,68,09,27,214.10","1,88,181"
"RELIANCE","EQ","25-Jul-2022","2,503.10","2,467.45","2,467.45","2,403.00","2,417.40","2,420.40","2,422.67","1,06,65,470","25,83,88,70,736.65","4,50,900"
"RELIANCE","BL","25-Jul-2022","2,523.70","2,503.10","2,503.10","2,503.10","2,503.10","2,503.10","2,503.10","41,31,767","10,34,22,25,977.70","1"
"RELIANCE","EQ","22-Jul-2022","2,486.30","2,500.00","2,516.30","2,495.00","2,502.95","2,503.10","2,504.62","50,62,651","12,67,99,94,866.30","1,72,852"
"RELIANCE","EQ","21-Jul-2022","2,503.00","2,494.00","2,500.00","2,467.30","2,486.00","2,486.30","2,482.92","76,25,468","18,93,34,28,050.10","1,97,537"
"RELIANCE","EQ","20-Jul-2022","2,437.10","2,540.00","2,542.50","2,486.25","2,499.00","2,503.00","2,506.66","1,10,41,036","27,67,61,29,582.85","3,25,796"
"RELIANCE","EQ","19-Jul-2022","2,422.25","2,400.30","2,447.00","2,400.30","2,433.00","2,437.10","2,429.46","75,87,006","18,43,23,14,366.20","2,13,280"
"RELIANCE","EQ","18-Jul-2022","2,401.80","2,421.00","2,425.00","2,392.30","2,423.00","2,422.25","2,408.23","69,96,757","16,84,98,06,027.65","2,12,210"
"RELIANCE","EQ","15-Jul-2022","2,397.15","2,415.00","2,415.00","2,383.10","2,401.15","2,401.80","2,397.18","44,31,880","10,62,39,95,556.20","1,37,878"
"RELIANCE","EQ","14-Jul-2022","2,377.55","2,388.00","2,433.95","2,376.95","2,399.00","2,397.15","2,398.08","78,31,798","18,78,12,43,733.65","2,57,217"
"RELIANCE","EQ","13-Jul-2022","2,420.45","2,427.30","2,434.00","2,373.00","2,379.00","2,377.55","2,398.49","65,64,435","15,74,47,18,033.45","2,63,635"
"RELIANCE","EQ","12-Jul-2022","2,423.90","2,404.00","2,439.70","2,404.00","2,418.80","2,420.45","2,424.68","49,74,502","12,06,15,61,234.20","2,03,393"
"RELIANCE","EQ","11-Jul-2022","2,391.40","2,376.50","2,428.80","2,370.00","2,421.50","2,423.90","2,400.92","63,90,604","15,34,33,20,840.20","2,24,208"
"RELIANCE","EQ","08-Jul-2022","2,388.10","2,418.00","2,418.00","2,382.55","2,391.00","2,391.40","2,393.99","87,73,162","21,00,28,72,434.25","3,10,810"
"RELIANCE","EQ","07-Jul-2022","2,411.85","2,425.90","2,433.25","2,375.00","2,391.00","2,388.10","2,392.12","1,07,53,423","25,72,34,62,115.35","3,88,023"
"RELIANCE","EQ","06-Jul-2022","2,433.25","2,420.10","2,441.95","2,388.00","2,415.00","2,411.85","2,410.61","1,10,50,026","26,63,72,48,724.35","3,92,094"
"RELIANCE","EQ","05-Jul-2022","2,413.70","2,423.00","2,464.90","2,417.10","2,431.55","2,433.25","2,440.39","81,44,239","19,87,51,58,179.60","3,51,338"
"RELIANCE","EQ","04-Jul-2022","2,408.70","2,378.95","2,442.00","2,366.10","2,413.00","2,413.70","2,412.08","1,93,17,335","46,59,49,29,825.60","5,25,122"
"RELIANCE","EQ","01-Jul-2022","2,595.65","2,574.90","2,592.00","2,365.00","2,406.00","2,408.70","2,434.35","3,78,41,671","92,11,99,94,931.80","11,65,095"
"RELIANCE","EQ","30-Jun-2022","2,580.15","2,580.00","2,615.90","2,566.00","2,589.00","2,595.65","2,596.11","1,06,66,627","27,69,17,90,169.90","3,21,110"
"RELIANCE","EQ","29-Jun-2022","2,527.70","2,507.20","2,597.00","2,501.00","2,576.00","2,580.15","2,559.16","88,63,172","22,68,22,90,935.35","3,83,990"
"RELIANCE","EQ","28-Jun-2022","2,492.65","2,482.10","2,533.95","2,482.10","2,530.00","2,527.70","2,515.75","62,63,867","15,75,83,39,977.00","2,79,432"
"RELIANCE","EQ","27-Jun-2022","2,500.05","2,544.95","2,544.95","2,481.55","2,495.60","2,492.65","2,511.81","71,41,493","17,93,81,04,628.25","2,45,447"
"RELIANCE","EQ","24-Jun-2022","2,464.95","2,480.00","2,511.00","2,468.00","2,497.55","2,500.05","2,491.97","65,71,866","16,37,69,08,912.20","2,58,066"
"RELIANCE","EQ","23-Jun-2022","2,505.60","2,515.05","2,525.00","2,445.00","2,469.00","2,464.95","2,485.55","89,74,475","22,30,64,90,549.05","4,00,081"
"RELIANCE","EQ","22-Jun-2022","2,584.10","2,558.10","2,558.30","2,501.00","2,502.00","2,505.60","2,524.18","48,99,839","12,36,80,75,581.25","2,29,961"
"RELIANCE","EQ","21-Jun-2022","2,543.05","2,560.00","2,593.40","2,528.30","2,582.00","2,584.10","2,562.46","54,08,801","13,85,98,27,576.20","2,19,641"
"RELIANCE","EQ","20-Jun-2022","2,590.00","2,605.00","2,617.10","2,521.10","2,542.90","2,543.05","2,552.96","55,68,825","14,21,69,89,371.65","2,28,914"
"RELIANCE","EQ","17-Jun-2022","2,560.00","2,560.00","2,624.85","2,556.10","2,605.05","2,590.00","2,592.42","1,12,86,988","29,26,06,39,914.30","2,87,827"
"RELIANCE","EQ","16-Jun-2022","2,596.30","2,623.00","2,659.05","2,554.00","2,555.10","2,560.00","2,603.56","78,96,943","20,56,01,73,723.70","2,82,387"
"RELIANCE","EQ","15-Jun-2022","2,628.10","2,617.55","2,637.30","2,584.40","2,595.80","2,596.30","2,613.39","51,66,738","13,50,27,08,125.15","2,14,934"
"RELIANCE","EQ","14-Jun-2022","2,662.90","2,650.05","2,671.85","2,613.45","2,627.75","2,628.10","2,637.47","67,90,653","17,91,01,40,469.65","2,37,522"
"RELIANCE","EQ","13-Jun-2022","2,714.25","2,650.00","2,672.80","2,616.30","2,668.00","2,662.90","2,646.30","81,31,998","21,51,96,68,179.50","3,03,540"
"RELIANCE","EQ","10-Jun-2022","2,798.75","2,771.90","2,789.90","2,701.50","2,713.90","2,714.25","2,740.01","83,49,943","22,87,89,43,836.30","2,78,759"
"RELIANCE","EQ","09-Jun-2022","2,724.05","2,710.00","2,803.00","2,710.00","2,796.05","2,798.75","2,763.87","79,73,935","22,03,88,90,334.10","2,81,501"
"RELIANCE","EQ","08-Jun-2022","2,772.75","2,772.75","2,781.00","2,716.30","2,722.00","2,724.05","2,741.07","57,59,172","15,78,62,94,151.30","2,41,691"
"RELIANCE","EQ","07-Jun-2022","2,767.55","2,769.90","2,791.10","2,752.05","2,767.05","2,772.75","2,773.03","57,03,333","15,81,54,85,543.85","2,32,290"
"RELIANCE","EQ","06-Jun-2022","2,779.50","2,780.00","2,814.00","2,751.80","2,766.25","2,767.55","2,775.79","51,19,488","14,21,05,99,849.75","2,17,253"
"RELIANCE","EQ","03-Jun-2022","2,724.30","2,744.00","2,817.35","2,742.00","2,778.00","2,779.50","2,793.34","1,10,48,210","30,86,14,49,556.90","3,53,834"
"RELIANCE","EQ","02-Jun-2022","2,633.50","2,634.00","2,732.45","2,634.00","2,728.30","2,724.30","2,701.30","1,02,11,408","27,58,41,03,887.40","2,97,958"
"RELIANCE","EQ","01-Jun-2022","2,632.65","2,634.30","2,655.20","2,616.20","2,635.00","2,633.50","2,638.15","45,12,079","11,90,35,42,973.55","1,65,071"
"RELIANCE","EQ","31-May-2022","2,664.80","2,641.40","2,678.80","2,615.70","2,623.60","2,632.65","2,638.54","3,25,91,420","85,99,38,98,870.00","3,09,551"
"RELIANCE","EQ","30-May-2022","2,575.10","2,615.00","2,674.00","2,594.20","2,668.00","2,664.80","2,640.57","63,93,341","16,88,20,83,950.05","1,76,733"
"RELIANCE","EQ","27-May-2022","2,587.10","2,593.05","2,605.15","2,540.10","2,575.30","2,575.10","2,574.11","76,24,888","19,62,72,94,687.95","2,23,459"
"RELIANCE","EQ","26-May-2022","2,612.00","2,624.40","2,634.90","2,548.00","2,589.00","2,587.10","2,587.30","82,52,551","21,35,18,51,439.70","2,95,460"
"RELIANCE","EQ","25-May-2022","2,615.85","2,635.00","2,656.70","2,601.50","2,613.40","2,612.00","2,625.82","58,67,760","15,40,76,80,360.40","2,24,077"
"RELIANCE","EQ","24-May-2022","2,606.90","2,607.00","2,638.00","2,597.70","2,615.05","2,615.85","2,619.42","62,43,086","16,35,32,68,081.50","2,38,049"
"RELIANCE","EQ","23-May-2022","2,624.45","2,631.50","2,653.55","2,593.00","2,602.50","2,606.90","2,617.90","70,39,144","18,42,77,94,860.95","2,56,879"
"RELIANCE","EQ","20-May-2022","2,479.85","2,512.50","2,644.40","2,502.00","2,628.85","2,624.45","2,569.30","1,00,57,508","25,84,08,01,772.20","3,66,921"
"RELIANCE","EQ","19-May-2022","2,538.35","2,484.00","2,512.50","2,466.05","2,477.90","2,479.85","2,494.14","67,83,641","16,91,93,58,308.20","2,66,213"
"RELIANCE","EQ","18-May-2022","2,529.15","2,539.65","2,570.00","2,508.25","2,542.25","2,538.35","2,535.87","79,73,235","20,21,91,14,283.45","2,93,806"
"RELIANCE","EQ","17-May-2022","2,427.20","2,435.10","2,539.90","2,432.00","2,533.50","2,529.15","2,501.03","76,38,666","19,10,45,26,814.40","2,78,980"
"RELIANCE","EQ","16-May-2022","2,426.60","2,434.45","2,481.00","2,416.65","2,428.05","2,427.20","2,444.28","62,01,594","15,15,84,12,714.25","2,44,925"
"RELIANCE","EQ","13-May-2022","2,399.40","2,426.00","2,478.00","2,415.35","2,431.45","2,426.60","2,451.67","89,10,998","21,84,67,99,849.40","4,08,746"
"RELIANCE","EQ","12-May-2022","2,449.30","2,427.50","2,434.85","2,370.00","2,403.50","2,399.40","2,400.60","94,56,280","22,70,07,52,366.95","3,59,540"
"RELIANCE","EQ","11-May-2022","2,474.65","2,472.65","2,484.95","2,421.95","2,450.75","2,449.30","2,454.29","76,81,157","18,85,17,60,949.05","3,25,039"
"RELIANCE","EQ","10-May-2022","2,518.30","2,495.00","2,526.60","2,458.00","2,461.70","2,474.65","2,495.14","90,04,636","22,46,78,46,480.75","3,29,083"
"RELIANCE","EQ","09-May-2022","2,620.65","2,574.95","2,597.10","2,507.00","2,508.00","2,518.30","2,540.75","83,45,649","21,20,42,15,137.35","3,44,258"
"RELIANCE","EQ","06-May-2022","2,640.90","2,612.20","2,659.00","2,593.55","2,628.00","2,620.65","2,619.88","90,68,448","23,75,82,82,132.90","2,91,431"
"RELIANCE","EQ","05-May-2022","2,693.65","2,723.50","2,730.00","2,632.00","2,643.00","2,640.90","2,677.81","79,42,721","21,26,90,98,539.05","2,56,514"
"RELIANCE","EQ","04-May-2022","2,780.45","2,785.00","2,790.00","2,676.30","2,692.00","2,693.65","2,728.03","88,82,792","24,23,24,82,662.45","2,77,638"
"RELIANCE","EQ","02-May-2022","2,790.25","2,762.00","2,805.50","2,758.05","2,780.90","2,780.45","2,783.29","43,69,022","12,16,02,68,319.90","1,89,251"
"RELIANCE","EQ","29-Apr-2022","2,819.85","2,856.15","2,856.15","2,777.30","2,799.70","2,790.25","2,817.63","84,06,156","23,68,54,32,933.45","2,31,044"
"RELIANCE","EQ","28-Apr-2022","2,778.35","2,809.95","2,851.00","2,786.10","2,810.00","2,819.85","2,823.91","1,18,20,892","33,38,11,06,175.20","3,61,970"
"RELIANCE","EQ","27-Apr-2022","2,775.65","2,755.85","2,828.00","2,755.05","2,776.00","2,778.35","2,794.98","89,24,920","24,94,49,37,712.60","3,80,463"
"RELIANCE","EQ","26-Apr-2022","2,695.00","2,710.00","2,795.00","2,707.70","2,788.20","2,775.65","2,744.48","56,43,066","15,48,72,83,096.85","2,15,190"
"RELIANCE","EQ","25-Apr-2022","2,758.80","2,742.40","2,758.40","2,663.65","2,696.00","2,695.00","2,711.20","78,74,671","21,34,98,02,724.25","2,82,246"
"RELIANCE","EQ","22-Apr-2022","2,782.10","2,758.90","2,802.00","2,744.20","2,762.00","2,758.80","2,768.55","69,47,490","19,23,44,86,953.00","2,21,036"
"RELIANCE","EQ","21-Apr-2022","2,718.45","2,750.90","2,789.00","2,732.00","2,782.00","2,782.10","2,773.48","1,00,18,531","27,78,62,22,124.30","3,52,010"
"RELIANCE","EQ","20-Apr-2022","2,640.80","2,657.10","2,734.00","2,649.10","2,717.50","2,718.45","2,710.69","1,15,70,835","31,36,49,25,329.30","4,61,685"
"RELIANCE","EQ","19-Apr-2022","2,543.85","2,558.00","2,668.00","2,551.05","2,626.00","2,640.80","2,628.35","1,20,64,446","31,70,95,58,937.80","4,59,863"
"RELIANCE","EQ","18-Apr-2022","2,551.65","2,533.00","2,559.80","2,521.80","2,540.20","2,543.85","2,538.38","46,03,103","11,68,44,40,905.45","2,22,881"
"RELIANCE","EQ","13-Apr-2022","2,561.05","2,574.50","2,592.60","2,545.50","2,551.90","2,551.65","2,565.29","47,78,478","12,25,81,58,723.00","1,92,467"
"RELIANCE","EQ","12-Apr-2022","2,610.20","2,587.00","2,602.60","2,555.40","2,560.00","2,561.05","2,571.18","60,99,986","15,68,41,39,811.00","2,77,354"
"RELIANCE","EQ","11-Apr-2022","2,615.65","2,600.00","2,638.55","2,583.00","2,610.95","2,610.20","2,606.45","42,70,816","11,13,16,87,285.25","1,95,602"
"RELIANCE","EQ","08-Apr-2022","2,572.85","2,560.00","2,625.00","2,560.00","2,617.95","2,615.65","2,602.86","69,92,874","18,20,14,44,976.80","2,13,226"
"RELIANCE","EQ","07-Apr-2022","2,619.05","2,595.10","2,606.00","2,567.00","2,572.20","2,572.85","2,583.10","71,51,632","18,47,33,48,627.45","2,33,582"
"RELIANCE","EQ","06-Apr-2022","2,626.05","2,587.10","2,634.50","2,587.10","2,616.00","2,619.05","2,613.61","56,56,703","14,78,43,87,493.60","1,63,311"
"RELIANCE","EQ","05-Apr-2022","2,663.70","2,651.10","2,669.90","2,620.70","2,626.00","2,626.05","2,636.90","60,68,663","16,00,24,66,152.10","2,04,933"
"RELIANCE","EQ","04-Apr-2022","2,655.85","2,655.45","2,675.00","2,641.65","2,660.65","2,663.70","2,658.17","36,59,307","9,72,70,52,260.30","1,67,593"
"RELIANCE","EQ","01-Apr-2022","2,634.75","2,636.00","2,665.15","2,622.00","2,661.00","2,655.85","2,641.48","36,56,408","9,65,83,25,026.60","1,63,060"
"RELIANCE","EQ","31-Mar-2022","2,672.95","2,664.95","2,669.70","2,628.60","2,636.00","2,634.75","2,642.00","61,02,744","16,12,34,65,625.40","2,49,443"
"RELIANCE","EQ","30-Mar-2022","2,622.55","2,639.90","2,688.00","2,617.10","2,658.70","2,672.95","2,661.36","72,97,028","19,42,00,19,029.30","2,19,316"
"RELIANCE","EQ","29-Mar-2022","2,621.95","2,638.00","2,638.00","2,607.40","2,618.00","2,622.55","2,623.00","40,07,695","10,51,21,98,455.70","2,03,830"
"RELIANCE","EQ","28-Mar-2022","2,595.85","2,610.00","2,629.75","2,586.50","2,617.00","2,621.95","2,611.69","45,64,891","11,92,20,93,056.05","1,83,261"
"RELIANCE","EQ","25-Mar-2022","2,578.65","2,582.50","2,616.00","2,577.00","2,600.90","2,595.85","2,596.66","65,63,676","17,04,36,06,171.05","2,76,908"
"RELIANCE","EQ","24-Mar-2022","2,539.20","2,510.00","2,584.15","2,510.00","2,572.00","2,578.65","2,557.80","60,77,153","15,54,41,15,850.20","2,21,309"
"RELIANCE","EQ","23-Mar-2022","2,531.15","2,523.00","2,564.85","2,523.00","2,535.00","2,539.20","2,546.52","71,35,797","18,17,14,79,956.25","2,35,853"
"RELIANCE","EQ","22-Mar-2022","2,467.40","2,460.10","2,534.95","2,453.60","2,528.00","2,531.15","2,508.41","1,04,10,082","26,11,27,51,091.55","3,14,410"
"RELIANCE","EQ","21-Mar-2022","2,481.70","2,444.00","2,484.00","2,439.00","2,463.00","2,467.40","2,465.17","55,37,752","13,65,15,02,305.15","2,35,063"
"RELIANCE","EQ","17-Mar-2022","2,403.35","2,432.75","2,497.40","2,415.10","2,487.50","2,481.70","2,456.66","98,86,295","24,28,72,96,550.40","2,74,442"
"RELIANCE","EQ","16-Mar-2022","2,363.45","2,382.00","2,407.90","2,377.10","2,401.50","2,403.35","2,396.17","51,45,644","12,32,98,54,279.30","1,85,464"
"RELIANCE","EQ","15-Mar-2022","2,418.85","2,427.95","2,427.95","2,340.85","2,362.00","2,363.45","2,386.09","73,49,740","17,53,71,36,611.95","2,57,511"
"RELIANCE","EQ","14-Mar-2022","2,399.15","2,386.90","2,424.40","2,374.00","2,422.20","2,418.85","2,401.52","38,49,222","9,24,39,98,854.25","1,60,500"
"RELIANCE","EQ","11-Mar-2022","2,392.25","2,376.05","2,411.00","2,376.05","2,393.15","2,399.15","2,396.11","56,56,799","13,55,42,90,818.70","1,99,494"
"RELIANCE","EQ","10-Mar-2022","2,354.10","2,400.00","2,405.00","2,360.00","2,387.00","2,392.25","2,386.79","82,97,995","19,80,55,99,252.70","2,78,083"
"RELIANCE","EQ","09-Mar-2022","2,235.50","2,236.00","2,367.00","2,234.15","2,358.30","2,354.10","2,316.35","94,21,163","21,82,27,06,477.90","3,25,395"
"RELIANCE","EQ","08-Mar-2022","2,239.55","2,211.50","2,246.00","2,180.00","2,235.05","2,235.50","2,220.15","98,25,043","21,81,30,21,864.70","4,28,117"
"RELIANCE","EQ","07-Mar-2022","2,325.55","2,278.70","2,312.10","2,222.00","2,240.05","2,239.55","2,256.84","82,99,295","18,73,01,68,161.15","3,72,828"
"RELIANCE","EQ","04-Mar-2022","2,378.30","2,353.00","2,364.30","2,320.35","2,327.95","2,325.55","2,338.20","49,86,814","11,66,01,49,352.95","2,19,860"
"RELIANCE","EQ","03-Mar-2022","2,398.55","2,400.00","2,414.85","2,370.05","2,382.00","2,378.30","2,392.27","47,01,183","11,24,64,76,348.75","2,30,143"
"RELIANCE","EQ","02-Mar-2022","2,359.55","2,334.45","2,401.00","2,329.20","2,399.25","2,398.55","2,376.69","99,09,226","23,55,11,57,613.65","3,09,328"
"RELIANCE","EQ","28-Feb-2022","2,283.95","2,243.00","2,367.35","2,243.00","2,355.00","2,359.55","2,328.64","98,28,768","22,88,76,83,561.40","2,40,020"
"RELIANCE","EQ","25-Feb-2022","2,255.75","2,280.10","2,307.95","2,276.25","2,283.00","2,283.95","2,290.84","67,24,094","15,40,38,44,188.65","2,81,047"
"RELIANCE","EQ","24-Feb-2022","2,374.05","2,305.00","2,339.90","2,243.40","2,250.00","2,255.75","2,291.15","1,14,66,725","26,27,20,08,237.55","4,93,459"
"RELIANCE","EQ","23-Feb-2022","2,389.00","2,401.10","2,406.55","2,368.00","2,371.25","2,374.05","2,391.23","33,73,615","8,06,71,02,258.45","1,95,350"
"RELIANCE","EQ","22-Feb-2022","2,399.90","2,352.90","2,395.90","2,347.15","2,389.75","2,389.00","2,372.16","62,27,901","14,77,35,84,971.00","1,97,401"
"RELIANCE","EQ","21-Feb-2022","2,424.40","2,412.00","2,437.50","2,384.60","2,399.60","2,399.90","2,409.12","51,25,968","12,34,90,78,484.55","2,26,214"
"RELIANCE","EQ","18-Feb-2022","2,443.50","2,444.40","2,456.40","2,420.15","2,427.30","2,424.40","2,440.25","31,26,873","7,63,03,67,399.75","1,58,691"
"RELIANCE","EQ","17-Feb-2022","2,412.95","2,420.10","2,454.90","2,410.00","2,441.00","2,443.50","2,439.61","59,31,774","14,47,12,12,589.25","2,11,881"
"RELIANCE","EQ","16-Feb-2022","2,417.95","2,430.00","2,433.00","2,395.95","2,407.65","2,412.95","2,417.77","47,96,294","11,59,63,25,561.15","1,90,438"
"RELIANCE","EQ","15-Feb-2022","2,338.55","2,351.20","2,423.90","2,335.70","2,415.10","2,417.95","2,381.19","51,74,646","12,32,18,14,147.55","2,61,746"
"RELIANCE","EQ","14-Feb-2022","2,376.40","2,340.25","2,354.95","2,313.00","2,332.00","2,338.55","2,338.11","49,47,109","11,56,68,67,666.20","2,19,862"
"RELIANCE","EQ","11-Feb-2022","2,381.05","2,373.25","2,384.50","2,344.10","2,372.55","2,376.40","2,367.97","73,57,863","17,42,31,86,717.85","2,83,837"
"RELIANCE","EQ","10-Feb-2022","2,383.50","2,395.70","2,395.70","2,365.10","2,376.95","2,381.05","2,381.99","57,52,361","13,70,20,86,540.00","2,10,155"
"RELIANCE","EQ","09-Feb-2022","2,356.05","2,371.15","2,387.20","2,358.00","2,384.00","2,383.50","2,373.06","53,00,891","12,57,93,55,094.55","1,80,905"
"RELIANCE","EQ","08-Feb-2022","2,317.10","2,330.65","2,360.00","2,310.00","2,357.50","2,356.05","2,338.32","55,66,080","13,01,52,60,812.95","1,86,348"
"RELIANCE","EQ","07-Feb-2022","2,331.30","2,342.00","2,356.80","2,305.00","2,319.40","2,317.10","2,330.89","49,44,725","11,52,55,87,391.70","2,43,702"
"RELIANCE","EQ","04-Feb-2022","2,352.75","2,341.00","2,348.45","2,321.10","2,330.50","2,331.30","2,334.17","51,04,761","11,91,53,65,723.15","2,30,586"
"RELIANCE","EQ","03-Feb-2022","2,383.55","2,392.00","2,401.45","2,347.20","2,348.45","2,352.75","2,367.01","44,17,864","10,45,71,43,007.15","2,36,441"
"RELIANCE","EQ","02-Feb-2022","2,378.70","2,407.00","2,407.00","2,375.10","2,385.00","2,383.55","2,384.84","46,23,163","11,02,54,84,207.55","1,53,391"
"RELIANCE","EQ","01-Feb-2022","2,386.60","2,408.00","2,420.60","2,347.10","2,382.80","2,378.70","2,394.79","60,92,033","14,58,91,69,629.60","2,27,599"
"RELIANCE","EQ","31-Jan-2022","2,335.85","2,360.20","2,406.40","2,356.20","2,384.05","2,386.60","2,388.27","56,04,308","13,38,46,12,779.60","2,68,776"
"RELIANCE","EQ","28-Jan-2022","2,338.10","2,365.00","2,375.90","2,328.40","2,336.00","2,335.85","2,347.94","67,69,154","15,89,35,36,411.75","2,55,535"
"RELIANCE","EQ","27-Jan-2022","2,373.25","2,336.00","2,356.10","2,311.05","2,347.00","2,338.10","2,333.67","92,39,426","21,56,17,79,760.10","3,15,266"
"RELIANCE","EQ","25-Jan-2022","2,377.90","2,349.55","2,388.65","2,305.00","2,368.10","2,373.25","2,343.88","1,13,11,456","26,51,27,43,789.90","4,82,175"
"RELIANCE","EQ","24-Jan-2022","2,477.85","2,475.00","2,504.75","2,355.10","2,379.90","2,377.90","2,418.60","1,00,92,511","24,40,97,35,846.55","3,99,996"
"RELIANCE","EQ","21-Jan-2022","2,477.45","2,452.00","2,502.25","2,452.00","2,476.05","2,477.85","2,475.83","61,55,759","15,24,06,31,432.55","2,36,838"
"RELIANCE","EQ","20-Jan-2022","2,521.60","2,500.05","2,509.95","2,455.00","2,482.10","2,477.45","2,480.98","76,12,203","18,88,57,33,850.80","2,51,195"
"RELIANCE","EQ","19-Jan-2022","2,521.80","2,530.00","2,542.00","2,509.00","2,521.40","2,521.60","2,522.72","45,02,155","11,35,76,96,261.65","1,53,189"
"RELIANCE","EQ","18-Jan-2022","2,552.25","2,554.75","2,562.35","2,515.75","2,523.00","2,521.80","2,540.02","28,68,235","7,28,53,64,914.75","1,58,330"
"RELIANCE","EQ","17-Jan-2022","2,539.00","2,538.00","2,565.00","2,537.00","2,553.00","2,552.25","2,555.10","37,08,822","9,47,64,27,091.05","1,60,043"
"RELIANCE","EQ","14-Jan-2022","2,535.30","2,535.00","2,567.30","2,525.85","2,537.00","2,539.00","2,545.66","91,97,773","23,41,43,60,751.05","1,95,865"
"RELIANCE","EQ","13-Jan-2022","2,521.10","2,521.25","2,541.00","2,508.40","2,536.25","2,535.30","2,525.55","54,71,871","13,81,94,65,157.00","1,86,278"
"RELIANCE","EQ","12-Jan-2022","2,455.55","2,471.30","2,524.95","2,465.00","2,518.00","2,521.10","2,505.89","68,30,402","17,11,62,27,265.60","2,67,056"
"RELIANCE","EQ","11-Jan-2022","2,438.00","2,436.00","2,474.95","2,435.00","2,455.80","2,455.55","2,459.51","74,78,681","18,39,39,12,175.85","2,09,712"
"RELIANCE","EQ","10-Jan-2022","2,436.00","2,452.00","2,457.00","2,416.05","2,440.20","2,438.00","2,432.54","42,67,365","10,38,05,27,641.00","2,14,098"
"RELIANCE","EQ","07-Jan-2022","2,416.50","2,430.95","2,458.05","2,411.55","2,439.90","2,436.00","2,436.73","60,51,239","14,74,52,14,277.80","1,91,088"
"RELIANCE","EQ","06-Jan-2022","2,469.60","2,451.20","2,454.00","2,409.00","2,419.15","2,416.50","2,423.21","66,67,483","16,15,67,35,762.35","2,27,953"
"RELIANCE","EQ","05-Jan-2022","2,458.10","2,462.00","2,477.00","2,432.95","2,461.85","2,469.60","2,455.69","53,73,618","13,19,59,34,862.50","2,10,976"
"RELIANCE","EQ","04-Jan-2022","2,403.85","2,415.90","2,461.00","2,404.00","2,460.00","2,458.10","2,437.26","50,06,225","12,20,14,91,701.65","2,08,647"
"RELIANCE","EQ","03-Jan-2022","2,368.15","2,365.00","2,407.95","2,363.55","2,407.95","2,403.85","2,392.64","25,02,073","5,98,65,68,510.10","1,05,190"